open_timestamp_utc,close_timestamp_utc,open,high,low,close,volume
1555671600,1555675199,265.74,267.15,265.35,265.89,74.36
1555675200,1555678799,267.02,267.13,265.12,265.57,29.39
1555678800,1555682399,265.89,266.96,265.1,265.68,16.35
1555682400,1555685999,265.14,265.77,263.25,263.73,88.36
1555686000,1555689599,264.38,266.65,264.38,266.41,28.88
1555689600,1555693199,265.92,278.49,265.15,271.89,581.42
1555693200,1555696799,271.91,275.0,271.63,275.0,112.33
1555696800,1555700399,274.43,274.89,272.3,272.3,40.55
1555700400,1555703999,272.49,272.78,267.53,272.78,298.14
1555704000,1555707599,272.77,275.99,270.0,271.0,663.22
1555707600,1555711199,270.85,270.93,270.0,270.29,38.59
1555711200,1555714799,270.48,271.49,270.48,271.49,18.62
1555714800,1555718399,271.49,273.57,271.49,272.73,43.96
1555718400,1555721999,273.0,274.5,273.0,273.47,10.63
1555722000,1555725599,273.37,275.0,273.09,275.0,43.63
1555725600,1555729199,274.93,275.5,273.44,273.77,28.35
1555729200,1555732799,273.34,273.34,272.76,273.0,5.86
1555732800,1555736399,272.88,274.47,272.17,274.47,48.69
1555736400,1555739999,274.2,274.2,272.89,273.9,49.92
1555740000,1555743599,273.31,274.21,272.71,272.81,14.43
1555743600,1555747199,273.0,273.0,272.0,272.53,74.97
1555747200,1555750799,273.1,274.35,271.61,271.61,74.95
1555750800,1555754399,272.1,272.49,271.02,271.02,93.07
1555754400,1555757999,271.02,271.02,268.73,269.45,125.85
1555758000,1555761599,270.05,271.0,269.27,270.0,31.5
1555761600,1555765199,270.0,270.86,270.0,270.39,17.46
1555765200,1555768799,270.09,270.41,269.73,269.73,18.76
1555768800,1555772399,269.73,270.34,268.96,268.96,30.44
1555772400,1555775999,268.97,272.38,268.97,270.13,74.16
1555776000,1555779599,270.01,270.9,268.78,270.18,134.86
1555779600,1555783199,269.62,270.56,268.91,269.11,54.96
1555783200,1555786799,269.1,269.62,268.91,269.51,12.42
1555786800,1555790399,269.0,269.01,268.91,268.93,11.24
1555790400,1555793999,268.93,269.67,268.91,269.21,13.21
1555794000,1555797599,268.91,269.5,260.9,264.05,332.32
1555797600,1555801199,264.61,268.65,264.61,267.15,31.96
1555801200,1555804799,267.1,267.93,266.25,267.93,35.99
1555804800,1555808399,267.92,269.88,266.04,269.06,345.0
1555808400,1555811999,269.07,270.0,268.38,268.78,5.3
1555812000,1555815599,268.81,268.82,267.73,268.82,3.81
1555815600,1555819199,268.5,269.67,268.37,268.65,9.8
1555819200,1555822799,268.13,268.13,267.66,267.66,15.15
1555822800,1555826399,267.65,267.65,264.72,264.89,64.9
1555826400,1555829999,264.99,266.12,264.82,265.92,34.73
1555830000,1555833599,265.58,266.77,264.0,264.0,89.79
1555833600,1555837199,264.27,264.7,261.0,262.93,94.22
1555837200,1555840799,262.01,262.5,254.27,255.56,457.47
1555840800,1555844399,256.01,258.33,253.9,255.77,290.66
1555844400,1555847999,255.4,257.79,253.43,254.6,165.67
1555848000,1555851599,254.76,255.71,250.0,255.16,268.5
1555851600,1555855199,255.89,258.11,255.29,255.29,139.27
1555855200,1555858799,255.14,255.33,253.0,255.01,180.35
1555858800,1555862399,255.01,255.65,253.11,254.55,66.22
1555862400,1555865999,254.99,255.07,253.0,253.09,44.05
1555866000,1555869599,253.23,253.99,251.0,252.63,110.22
1555869600,1555873199,252.35,253.91,252.13,252.46,46.67
1555873200,1555876799,252.76,255.98,252.74,254.3,102.83
1555876800,1555880399,254.3,256.47,254.3,255.47,46.77
1555880400,1555883999,255.4,256.56,255.22,255.23,32.61
1555884000,1555887599,255.45,260.89,255.38,260.84,80.38
1555887600,1555891199,260.88,260.88,257.51,259.19,66.02
1555891200,1555894799,258.98,262.86,257.91,262.86,14.13
1555894800,1555898399,261.08,261.48,259.0,260.12,31.83
1555898400,1555901999,260.48,260.48,257.2,257.91,10.58
1555902000,1555905599,258.81,258.81,256.32,256.32,12.04
1555905600,1555909199,256.89,257.53,256.89,257.3,39.81
1555909200,1555912799,258.82,258.82,256.83,256.83,47.52
1555912800,1555916399,257.27,257.72,256.01,257.72,39.38
1555916400,1555919999,257.69,258.01,256.81,257.01,8.15
1555920000,1555923599,257.18,262.5,256.99,261.15,49.99
1555923600,1555927199,261.13,261.87,259.0,261.52,163.95
1555927200,1555930799,261.12,263.81,259.96,263.31,130.16
1555930800,1555934399,263.42,263.63,260.92,261.73,94.01
1555934400,1555937999,261.23,261.9,260.15,260.36,60.45
1555938000,1555941599,260.82,260.82,257.6,257.6,76.17
1555941600,1555945199,257.51,261.12,257.0,260.54,26.36
1555945200,1555948799,260.35,263.52,257.51,258.0,413.27
1555948800,1555952399,258.43,259.17,255.99,257.46,427.67
1555952400,1555955999,257.47,260.96,257.42,259.43,341.04
1555956000,1555959599,259.43,261.25,257.69,261.25,54.29
1555959600,1555963199,260.94,262.32,259.34,260.98,166.58
1555963200,1555966799,260.98,261.39,260.0,260.0,104.49
1555966800,1555970399,260.01,260.73,258.59,260.73,113.87
1555970400,1555973999,260.73,262.52,260.73,262.52,55.93
1555974000,1555977599,262.2,262.41,260.0,260.52,9.24
1555977600,1555981199,261.0,261.0,258.9,260.05,11.1
1555981200,1555984799,259.1,260.32,259.09,259.56,0.31
1555984800,1555988399,260.86,261.08,260.27,261.08,1.23
1555988400,1555991999,261.0,261.31,260.37,260.62,10.0
1555992000,1555995599,260.09,276.3,260.09,271.9,911.93
1555995600,1555999199,271.66,273.99,270.23,271.33,157.41
1555999200,1556002799,271.85,272.0,268.83,270.13,234.76
1556002800,1556006399,269.93,272.0,269.9,271.33,99.78
1556006400,1556009999,271.16,273.39,270.57,270.57,141.42
1556010000,1556013599,271.09,271.09,268.63,269.42,150.86
1556013600,1556017199,269.09,270.98,269.0,269.58,45.0
1556017200,1556020799,269.61,270.02,266.0,268.53,217.44
1556020800,1556024399,268.53,270.67,267.95,269.49,46.77
1556024400,1556027999,269.17,270.4,268.91,269.89,176.25
1556028000,1556031599,269.61,270.4,268.96,270.05,127.85
1556031600,1556035199,269.88,269.94,265.12,266.34,331.97
1556035200,1556038799,266.34,268.39,264.13,267.09,141.97
1556038800,1556042399,267.61,268.87,266.39,266.4,103.51
1556042400,1556045999,266.36,267.34,266.12,267.34,40.0
1556046000,1556049599,266.39,266.39,264.12,265.0,186.36
1556049600,1556053199,265.0,265.01,263.81,264.11,154.61
1556053200,1556056799,263.82,264.38,262.76,264.13,167.75
1556056800,1556060399,264.0,264.0,258.39,262.66,299.65
1556060400,1556063999,262.21,262.21,258.39,258.39,129.68
1556064000,1556067599,258.0,260.71,257.69,258.28,178.21
1556067600,1556071199,257.87,257.87,250.01,255.68,310.65
1556071200,1556074799,255.35,256.79,254.33,256.59,9.19
1556074800,1556078399,257.6,259.62,257.2,258.63,37.26
1556078400,1556081999,258.63,259.29,256.2,257.64,35.82
1556082000,1556085599,257.57,258.51,255.01,257.21,119.2
1556085600,1556089199,257.27,259.11,253.7,255.42,241.09
1556089200,1556092799,254.81,256.56,242.54,246.69,632.5
1556092800,1556096399,247.26,249.79,245.0,246.76,456.77
1556096400,1556099999,245.98,247.53,242.0,245.23,406.59
1556100000,1556103599,244.63,246.27,241.62,243.47,265.04
1556103600,1556107199,243.61,249.59,243.12,248.25,261.73
1556107200,1556110799,248.16,250.99,246.26,247.31,254.85
1556110800,1556114399,246.49,248.55,244.58,244.58,92.45
1556114400,1556117999,244.58,247.7,243.64,246.99,140.47
1556118000,1556121599,246.69,248.0,246.14,246.14,91.12
1556121600,1556125199,246.25,247.54,242.41,242.41,151.64
1556125200,1556128799,243.0,245.86,242.71,243.91,110.42
1556128800,1556132399,243.22,245.13,241.9,243.5,260.16
1556132400,1556135999,244.29,248.47,243.35,246.71,113.75
1556136000,1556139599,246.6,247.9,245.79,247.29,71.9
1556139600,1556143199,247.11,247.36,245.51,246.3,85.28
1556143200,1556146799,246.22,251.86,246.22,250.69,136.13
1556146800,1556150399,250.35,251.01,248.0,249.92,41.6
1556150400,1556153999,249.68,253.39,249.68,251.6,66.93
1556154000,1556157599,251.6,254.54,251.6,254.3,9.88
1556157600,1556161199,251.9,253.45,251.45,251.79,43.41
1556161200,1556164799,250.18,253.0,247.1,252.86,47.84
1556164800,1556168399,252.93,253.89,250.93,251.71,55.44
1556168400,1556171999,250.98,252.25,248.93,251.03,92.25
1556172000,1556175599,251.32,251.52,247.48,247.96,150.41
1556175600,1556179199,247.6,251.86,246.85,251.5,63.59
1556179200,1556182799,251.12,251.88,249.27,249.97,68.68
1556182800,1556186399,249.78,251.47,248.0,250.33,63.39
1556186400,1556189999,250.71,255.26,250.71,254.26,375.06
1556190000,1556193599,254.96,255.0,252.4,254.5,97.09
1556193600,1556197199,254.75,255.0,253.47,254.4,44.49
1556197200,1556200799,254.09,254.18,252.03,254.18,131.42
1556200800,1556204399,253.52,253.52,250.55,251.73,79.69
1556204400,1556207999,252.41,252.8,251.64,252.79,40.12
1556208000,1556211599,252.5,253.92,251.69,253.8,40.25
1556211600,1556215199,253.02,253.43,252.02,252.58,51.74
1556215200,1556218799,252.58,253.68,252.38,253.01,39.5
1556218800,1556222399,253.03,253.99,252.56,252.77,76.76
1556222400,1556225999,252.75,253.98,252.6,253.91,20.74
1556226000,1556229599,253.97,255.74,248.14,248.44,245.07
1556229600,1556233199,248.01,248.01,232.0,238.14,1228.52
1556233200,1556236799,238.64,238.64,234.73,237.43,239.99
1556236800,1556240399,237.01,237.31,233.67,236.85,159.26
1556240400,1556243999,236.91,237.39,236.0,236.0,4.54
1556244000,1556247599,235.7,242.71,235.43,238.63,50.8
1556247600,1556251199,239.0,240.74,238.86,239.0,15.84
1556251200,1556254799,238.86,240.15,237.0,237.0,104.68
1556254800,1556258399,237.01,239.0,236.72,237.53,212.4
1556258400,1556261999,237.9,238.58,234.11,235.67,371.71
1556262000,1556265599,236.33,237.88,235.06,235.46,115.01
1556265600,1556269199,236.22,237.3,235.48,236.21,154.05
1556269200,1556272799,236.2,237.45,232.8,232.83,419.2
1556272800,1556276399,232.82,235.71,232.82,234.25,128.8
1556276400,1556279999,233.78,234.26,232.0,233.06,258.63
1556280000,1556283599,233.0,234.52,231.82,234.06,150.79
1556283600,1556287199,233.6,234.71,233.0,233.57,71.47
1556287200,1556290799,234.34,234.82,233.03,234.07,60.96
1556290800,1556294399,233.81,234.87,230.0,230.83,300.33
1556294400,1556297999,230.86,230.97,225.0,228.5,720.88
1556298000,1556301599,228.5,231.12,227.08,228.0,145.48
1556301600,1556305199,228.01,229.62,226.52,227.1,130.86
1556305200,1556308799,227.08,229.82,225.77,229.0,100.51
1556308800,1556312399,229.0,231.82,228.46,228.46,179.95
1556312400,1556315999,229.84,233.35,228.31,232.37,142.61
1556316000,1556319599,232.37,234.89,231.97,232.69,137.59
1556319600,1556323199,232.68,232.87,230.61,232.31,39.72
1556323200,1556326799,233.45,234.32,233.04,233.15,5.55
1556326800,1556330399,233.47,234.68,233.35,233.88,1.4
1556330400,1556333999,233.35,233.79,232.0,232.0,6.28
1556334000,1556337599,231.13,232.63,230.02,232.63,23.17
1556337600,1556341199,231.5,232.89,231.01,232.89,11.33
1556341200,1556344799,232.32,233.52,232.31,233.05,14.74
1556344800,1556348399,233.0,234.04,233.0,233.67,29.5
1556348400,1556351999,233.45,233.45,232.15,233.04,61.76
1556352000,1556355599,233.04,233.69,230.92,233.69,123.52
1556355600,1556359199,232.34,232.64,231.19,231.27,56.43
1556359200,1556362799,231.72,232.44,231.37,232.21,18.41
1556362800,1556366399,232.61,233.34,232.45,232.92,29.54
1556366400,1556369999,232.6,232.93,232.1,232.1,19.89
1556370000,1556373599,231.26,232.5,230.33,232.0,19.49
1556373600,1556377199,232.0,233.85,232.0,232.84,78.5
1556377200,1556380799,232.48,233.89,232.48,232.7,28.8
1556380800,1556384399,232.71,234.75,231.92,234.42,76.23
1556384400,1556387999,234.73,235.6,233.19,235.5,132.96
1556388000,1556391599,235.14,235.7,233.9,234.99,109.25
1556391600,1556395199,235.09,235.98,234.63,235.32,110.76
1556395200,1556398799,235.11,235.24,233.5,234.05,80.55
1556398800,1556402399,233.68,235.65,233.68,234.83,40.86
1556402400,1556405999,234.23,236.99,234.18,234.64,60.67
1556406000,1556409599,234.52,234.8,232.51,232.75,100.26
1556409600,1556413199,232.76,233.97,232.76,233.97,3.01
1556413200,1556416799,234.29,234.29,234.29,234.29,1.93
1556416800,1556420399,233.48,233.49,232.95,233.49,3.56
1556420400,1556423999,232.41,233.38,232.41,233.38,0.281
1556424000,1556427599,233.91,233.92,232.87,233.04,8.14
1556427600,1556431199,232.7,232.82,232.44,232.65,5.46
1556431200,1556434799,232.8,233.03,231.65,231.65,64.63
1556434800,1556438399,231.76,233.67,231.37,232.85,28.79
1556438400,1556441999,232.98,234.12,232.3,233.9,7.36
1556442000,1556445599,233.81,233.89,233.53,233.62,9.25
1556445600,1556449199,233.63,234.35,233.25,234.34,34.82
1556449200,1556452799,234.34,236.07,234.34,236.07,32.92
1556452800,1556456399,235.7,235.7,234.02,234.02,23.05
1556456400,1556459999,234.33,234.38,231.01,231.31,62.37
1556460000,1556463599,231.14,232.42,231.03,231.39,20.73
1556463600,1556467199,231.14,232.65,231.1,232.42,31.41
1556467200,1556470799,232.42,232.42,231.1,231.11,28.86
1556470800,1556474399,231.1,231.98,229.0,229.0,128.05
1556474400,1556477999,229.01,229.01,222.01,224.34,301.21
1556478000,1556481599,224.17,225.6,218.63,220.85,316.93
1556481600,1556485199,220.85,223.19,220.83,220.83,185.92
1556485200,1556488799,220.33,222.55,220.02,221.74,182.88
1556488800,1556492399,222.11,224.53,220.35,224.2,182.06
1556492400,1556495999,224.19,224.19,223.0,223.85,29.2
1556496000,1556499599,223.08,223.08,222.24,222.42,31.87
1556499600,1556503199,222.53,222.95,221.17,221.76,7.27
1556503200,1556506799,223.25,223.25,222.63,222.63,8.41
1556506800,1556510399,223.11,223.62,222.46,222.46,0.143
1556510400,1556513999,223.33,223.98,223.26,223.98,5.04
1556514000,1556517599,223.61,223.61,222.4,222.49,4.97
1556517600,1556521199,222.81,224.71,222.33,222.34,180.41
1556521200,1556524799,222.49,223.01,221.65,222.02,94.62
1556524800,1556528399,221.85,222.5,221.34,222.15,73.32
1556528400,1556531999,222.37,222.38,216.51,219.4,157.29
1556532000,1556535599,219.41,219.98,211.63,213.34,823.97
1556535600,1556539199,213.78,215.0,213.52,214.37,257.8
1556539200,1556542799,214.14,214.15,208.4,210.63,625.8
1556542800,1556546399,210.44,213.67,206.7,211.04,1378.87
1556546400,1556549999,211.92,214.04,211.71,211.99,176.78
1556550000,1556553599,211.99,212.0,210.28,211.01,133.49
1556553600,1556557199,211.26,215.92,211.19,213.98,268.1
1556557200,1556560799,213.81,214.89,212.66,213.63,150.23
1556560800,1556564399,213.22,214.07,212.21,213.42,141.55
1556564400,1556567999,212.76,213.51,212.12,212.98,238.37
1556568000,1556571599,212.61,213.0,210.61,210.63,88.7
1556571600,1556575199,210.63,211.5,209.24,209.78,97.93
1556575200,1556578799,209.98,209.98,203.01,205.22,389.29
1556578800,1556582399,205.27,209.0,204.12,209.0,155.47
1556582400,1556585999,210.0,214.0,210.0,211.42,140.76
1556586000,1556589599,211.49,214.0,211.35,213.64,24.0
1556589600,1556593199,214.0,214.0,211.72,212.62,7.53
1556593200,1556596799,212.29,212.29,210.0,210.07,29.36
1556596800,1556600399,209.55,209.55,206.36,208.21,118.56
1556600400,1556603999,209.05,209.61,207.27,207.9,80.56
1556604000,1556607599,207.89,211.37,207.89,209.88,186.9
1556607600,1556611199,210.85,212.6,210.5,211.38,93.34
1556611200,1556614799,211.15,212.0,210.6,210.84,112.42
1556614800,1556618399,210.73,210.83,209.19,210.38,87.03
1556618400,1556621999,210.89,221.84,210.89,218.0,1059.73
1556622000,1556625599,218.56,222.79,218.0,222.79,247.47
1556625600,1556629199,222.77,223.41,219.01,220.87,390.51
1556629200,1556632799,221.07,224.28,219.07,222.33,408.24
1556632800,1556636399,222.34,229.95,222.13,226.85,746.05
1556636400,1556639999,226.84,227.82,224.74,226.52,146.11
1556640000,1556643599,226.17,226.74,223.23,225.25,151.73
1556643600,1556647199,224.79,226.71,223.66,224.99,123.55
1556647200,1556650799,224.95,225.83,223.97,225.5,38.14
1556650800,1556654399,225.49,225.98,224.51,224.52,65.93
1556654400,1556657999,224.52,225.02,223.0,224.9,56.47
1556658000,1556661599,225.0,227.09,223.99,227.09,173.47
1556661600,1556665199,227.26,235.51,226.67,235.06,321.56
1556665200,1556668799,235.6,237.3,232.11,236.72,161.02
1556668800,1556672399,236.5,247.99,236.47,243.22,383.9
1556672400,1556675999,244.48,245.31,239.97,239.99,77.82
1556676000,1556679599,240.0,242.9,240.0,241.17,123.67
1556679600,1556683199,240.83,240.83,237.91,239.04,55.84
1556683200,1556686799,239.01,239.37,236.08,237.36,547.32
1556686800,1556690399,237.63,239.3,237.63,238.02,65.69
1556690400,1556693999,238.02,243.74,237.51,243.74,295.26
1556694000,1556697599,243.32,243.85,238.83,239.47,294.69
1556697600,1556701199,239.14,239.14,236.0,236.59,427.33
1556701200,1556704799,237.29,238.99,236.6,238.99,117.34
1556704800,1556708399,239.0,239.76,236.53,238.27,119.13
1556708400,1556711999,237.69,239.5,237.27,238.19,95.58
1556712000,1556715599,238.07,238.55,233.44,236.28,360.65
1556715600,1556719199,236.3,236.59,234.79,236.53,89.35
1556719200,1556722799,236.65,237.0,235.16,235.31,63.19
1556722800,1556726399,235.15,236.86,234.8,236.01,50.0
1556726400,1556729999,236.55,240.5,236.44,237.02,174.8
1556730000,1556733599,237.02,241.63,236.84,241.63,184.74
1556733600,1556737199,240.98,240.98,237.51,238.35,96.07
1556737200,1556740799,238.13,238.13,235.65,237.61,91.99
1556740800,1556744399,237.23,239.49,236.57,238.97,59.75
1556744400,1556747999,238.99,238.99,236.26,236.89,57.5
1556748000,1556751599,236.22,237.53,236.02,236.92,51.61
1556751600,1556755199,236.9,240.0,236.9,240.0,164.29
1556755200,1556758799,239.51,239.79,237.6,237.6,57.48
1556758800,1556762399,237.6,237.6,235.89,236.98,91.91
1556762400,1556765999,237.5,238.03,236.79,237.03,2.9
1556766000,1556769599,236.46,238.4,236.46,238.4,11.4
1556769600,1556773199,237.4,237.4,236.6,236.6,17.04
1556773200,1556776799,236.94,238.75,236.91,238.75,19.67
1556776800,1556780399,237.38,238.72,237.38,238.25,24.19
1556780400,1556783999,238.64,245.82,238.64,243.08,499.1
1556784000,1556787599,242.19,249.16,242.14,247.02,638.93
1556787600,1556791199,246.13,246.38,242.28,243.76,179.53
1556791200,1556794799,243.76,244.9,243.24,244.52,82.06
1556794800,1556798399,244.39,244.78,243.66,244.29,53.53
1556798400,1556801999,244.28,245.31,243.49,244.83,137.53
1556802000,1556805599,244.89,244.89,239.25,241.04,344.82
1556805600,1556809199,241.26,242.54,239.6,240.42,404.67
1556809200,1556812799,241.9,243.89,239.84,240.85,129.81
1556812800,1556816399,240.87,242.83,234.03,237.05,467.86
1556816400,1556819999,236.95,237.22,235.89,236.0,114.14
1556820000,1556823599,236.17,236.89,235.65,235.65,88.51
1556823600,1556827199,235.65,238.34,235.5,237.11,142.34
1556827200,1556830799,236.14,237.63,235.5,237.63,72.69
1556830800,1556834399,237.44,239.76,237.36,237.47,45.42
1556834400,1556837999,238.68,238.73,238.14,238.38,2.94
1556838000,1556841599,238.43,238.99,236.98,237.69,40.87
1556841600,1556845199,236.54,238.41,235.0,237.27,61.11
1556845200,1556848799,237.62,241.89,237.0,239.38,117.49
1556848800,1556852399,240.27,241.71,239.77,240.65,42.95
1556852400,1556855999,240.02,240.02,238.15,239.85,34.73
1556856000,1556859599,238.36,241.57,238.18,240.31,45.19
1556859600,1556863199,240.0,241.03,239.21,239.69,126.35
1556863200,1556866799,239.68,243.87,239.68,240.71,216.67
1556866800,1556870399,241.33,243.42,240.52,241.78,175.63
1556870400,1556873999,242.09,242.38,238.72,239.59,329.66
1556874000,1556877599,239.75,265.0,239.11,262.0,2976.7
1556877600,1556881199,261.39,262.28,255.63,256.3,928.53
1556881200,1556884799,256.88,259.38,256.72,257.02,334.59
1556884800,1556888399,257.15,261.0,256.9,259.79,144.08
1556888400,1556891999,259.73,262.33,259.16,260.5,179.87
1556892000,1556895599,260.54,261.76,255.5,256.78,528.48
1556895600,1556899199,256.73,257.86,254.27,256.22,275.36
1556899200,1556902799,256.68,259.36,256.5,256.94,195.08
1556902800,1556906399,257.26,257.83,252.29,254.0,342.76
1556906400,1556909999,254.0,255.26,253.3,254.99,160.74
1556910000,1556913599,255.0,256.27,254.38,255.89,78.2
1556913600,1556917199,255.97,257.55,255.69,256.15,99.51
1556917200,1556920799,256.46,257.36,254.58,257.36,159.84
1556920800,1556924399,257.17,257.39,255.19,256.55,97.36
1556924400,1556927999,257.61,257.61,254.12,256.31,78.78
1556928000,1556931599,256.64,268.31,256.64,267.99,714.15
1556931600,1556935199,267.99,274.3,265.99,272.76,338.65
1556935200,1556938799,273.29,274.3,268.01,269.51,154.11
1556938800,1556942399,270,270.87,261.88,263.7,134
1556942400,1556945999,263.67,263.67,255.04,257.33,332.97
1556946000,1556949599,257.27,257.28,250.23,254.62,218.52
1556949600,1556953199,254.46,257.62,250,257.14,255.4
1556953200,1556956799,256,258.5,256,257.5,138.49
1556956800,1556960399,257.51,258.42,255.02,255.51,325.71
1556960400,1556963999,255.6,257.93,252.23,252.23,567.59
1556964000,1556967599,252.21,255.33,251.06,254.11,177.19
1556967600,1556971199,253.67,256.54,252.7,254,141.81
1556971200,1556974799,254.11,254.43,250.59,251.62,131.47
1556974800,1556978399,251.31,252.9,240.4,242.26,942.67
1556978400,1556981999,243.18,246,240.52,244,309.75
1556982000,1556985599,243.44,245.96,243,243.43,75.87
1556985600,1556989199,243.14,248.8,242.13,247.44,252.62
1556989200,1556992799,247.06,249.79,246.5,248.05,73.56
1556992800,1556996399,248.8,248.8,246.16,248.2,120.4
1556996400,1556999999,247.42,249.98,246.83,249.5,149.46
1557000000,1557003599,249.98,255.33,249.98,254.02,274.28
1557003600,1557007199,254.06,264,254.06,258.37,530.07
1557007200,1557010799,257,261.15,256.24,258.89,194.14
1557010800,1557014399,259.89,260,254.73,257.49,228.99
1557014400,1557017999,257.32,259,252.68,256.52,212.43
1557018000,1557021599,256.98,260,255.02,255.83,154.64
1557021600,1557025199,255.88,259.14,255.72,257.26,140.31
1557025200,1557028799,258.08,258.93,257.52,258.73,1.23
1557028800,1557032399,257.95,258.61,256.7,256.95,175.35
1557032400,1557035999,257.39,266,257.05,263.44,151.95
1557036000,1557039599,262.46,264.98,259.77,259.77,289.9
1557039600,1557043199,260.35,260.94,254.29,255.5,242.06
1557043200,1557046799,255.5,259.99,253.2,259.07,322.67
1557046800,1557050399,259.07,260.39,257.34,257.37,333.84
1557050400,1557053999,257.37,259,255.57,259,133.46
1557054000,1557057599,259,259,255.16,256.12,58.99
1557057600,1557061199,256.14,260.85,256.11,259.42,58.65
1557061200,1557064799,259.58,261.86,258.1,259.13,106.86
1557064800,1557068399,259.13,259.17,257,258,70.47
1557068400,1557071999,258.3,260.91,256.69,259.87,142.96
1557072000,1557075599,259.87,265.49,257.55,260.33,463.6
1557075600,1557079199,260.7,260.7,258,258.2,140.05
1557079200,1557082799,258,260.28,255.88,260.2,247.88
1557082800,1557086399,260.11,261.97,259,259.83,52.34
1557086400,1557089999,259.86,263.53,259.56,263.06,129.15
1557090000,1557093599,263.06,265,260.12,261.51,210.85
1557093600,1557097199,261.72,261.74,259.26,259.26,115.21
1557097200,1557100799,259.82,261.09,259.29,259.29,31.02
1557100800,1557104399,259.5,260.98,252.36,253.9,240.2
1557104400,1557107999,254.29,255,250.13,252.52,267.63
1557108000,1557111599,253.36,254.76,252.58,254.07,27.37
1557111600,1557115199,253.6,253.95,251.7,251.98,23.97
1557115200,1557118799,251.96,253.84,251.19,253.84,89.01
1557118800,1557122399,254,254.11,252.45,252.45,98.48
1557122400,1557125999,252.45,252.95,250.2,251.76,243.76
1557126000,1557129599,251.71,252.03,244.02,245.29,754.39
1557129600,1557133199,245.22,249.9,245.03,248.99,157.28
1557133200,1557136799,248.7,253.3,247.72,251.81,170.76
1557136800,1557140399,251.72,254,250.73,252.22,138.33
1557140400,1557143999,253.13,253.86,252.52,253.01,44.15
1557144000,1557147599,253.64,253.64,251.19,251.69,106.85
1557147600,1557151199,251.47,253.52,251.47,251.88,57.33
1557151200,1557154799,252.54,258,252.04,256.24,238.26
1557154800,1557158399,256.04,258.4,255.74,257.68,144.19
1557158400,1557161999,257.23,261.98,257.23,259.99,347.29
1557162000,1557165599,259.64,260.81,257.75,258.94,87.88
1557165600,1557169199,258.78,260.96,258.78,259.9,108.56
1557169200,1557172799,259.89,260.98,258.15,259.88,113.75
1557172800,1557176399,258.96,259.4,254.98,256.62,205.44
1557176400,1557179999,256.63,259.79,255.17,258.1,164.88
1557180000,1557183599,258.4,259.12,257.1,257.1,21.75
1557183600,1557187199,257.08,258.05,254.24,254.24,99.28
1557187200,1557190799,257.09,263.25,257.09,263.25,336.88
1557190800,1557194399,262.74,263.43,259.04,259.04,165.82
1557194400,1557197999,259.56,263.54,258.41,263.14,277.25
1557198000,1557201599,263.56,265,260.97,261.52,169.22
1557201600,1557205199,260.99,261.72,259.1,260.85,325.72
1557205200,1557208799,261,262.5,260,260.64,212.09
1557208800,1557212399,260,261,259.53,260.04,202.94
1557212400,1557215999,259.99,261.1,257.51,260.62,356.6
1557216000,1557219599,260.7,261.95,260,260.29,606.91
1557219600,1557223199,260.02,262.16,259.14,261.89,169.62
1557223200,1557226799,261.31,261.76,260.11,260.47,36.7
1557226800,1557230399,260.13,260.9,258.65,260.34,77.31
1557230400,1557233999,260.23,262.99,260.23,262.2,168.55
1557234000,1557237599,262.2,263.92,260.69,263.21,142.96
1557237600,1557241199,263.22,264.1,250.03,253.2,1089.79
1557241200,1557244799,254.96,255.91,253.5,255.91,93.13
1557244800,1557248399,255.9,257.38,254.35,256.68,122.39
1557248400,1557251999,256.69,256.87,254.83,255.15,84.84
1557252000,1557255599,255.55,255.63,253.99,253.99,76.93
1557255600,1557259199,254,254.89,253,254.24,120.75
1557259200,1557262799,254.17,256.57,254.07,254.1,158.35
1557262800,1557266399,254.53,255.6,254.53,255.6,22.96
1557266400,1557269999,255.6,258.77,255.41,258.77,68.12
1557270000,1557273599,258.97,262,250.34,251.87,342.13
1557273600,1557277199,251.41,251.73,242,248.86,911.73
1557277200,1557280799,248.95,252.97,248.95,250.92,76.78
1557280800,1557284399,250.48,251.62,250.24,250.69,16.19
1557284400,1557287999,250.15,250.99,248.96,249.27,36.72
1557288000,1557291599,249.34,252.97,249.27,251.99,71.23
1557291600,1557295199,252,252.13,250.9,252.13,49.17
1557295200,1557298799,251.76,254.33,251.76,253.31,74.9
1557298800,1557302399,253.32,253.97,251.87,251.87,80.05
1557302400,1557305999,251.69,254.01,251.08,252.01,33.61
1557306000,1557309599,252.07,252.29,250.91,250.91,16.17
1557309600,1557313199,250.99,253.25,250.99,253.25,60.4
1557313200,1557316799,252.51,254.5,252.14,252.14,79.06
1557316800,1557320399,252.91,253.86,251.96,251.96,52.58
1557320400,1557323999,252.1,252.74,252.1,252.74,12.61
1557324000,1557327599,252.34,253.16,249.07,252.58,117.06
1557327600,1557331199,251.6,255,251.11,253.33,144.28
1557331200,1557334799,254,254.23,251.2,251.2,104.22
1557334800,1557338399,251.11,253.47,251.1,251.69,6.96
1557338400,1557341999,252.84,253.06,251.62,251.69,19.73
1557342000,1557345599,251.62,253.05,251.62,252.17,45.78
1557345600,1557349199,252.1,253.47,251.7,252.45,95.32
1557349200,1557352799,252.89,253.5,251.8,253.49,70.26
1557352800,1557356399,253.5,254.89,251.9,252.93,258.27
1557356400,1557359999,253.68,255.39,251,253.27,146.07
1557360000,1557363599,254,256,252.91,256,145.39
1557363600,1557367199,256,259.7,255.58,259.7,125.16
1557367200,1557370799,259.21,259.7,258.22,258.79,17.99
1557370800,1557374399,258.11,258.11,256.94,257.98,9.54
1557374400,1557377999,258,258.68,256.82,257.91,38.27
1557378000,1557381599,258.03,258.35,254.36,254.5,53.61
1557381600,1557385199,254.16,255.22,251.96,254.22,94.24
1557385200,1557388799,254.61,255.5,253.38,254.52,124.01
1557388800,1557392399,254.73,257.12,254.54,255.81,192.85
1557392400,1557395999,255.52,255.52,254.15,254.95,93.46
1557396000,1557399599,254.56,255.39,254.06,254.07,93.45
1557399600,1557403199,254.16,254.16,252.02,253.13,336.34
1557403200,1557406799,252.72,253.1,250,251.12,264.31
1557406800,1557410399,250.79,253.45,250,252.66,206.36
1557410400,1557413999,251.68,252.4,250.91,251.96,51.55
1557414000,1557417599,251.58,251.95,249.72,249.86,93.78
1557417600,1557421199,249.85,250.72,249.46,250.64,435.91
1557421200,1557424799,250.66,250.66,246.47,248,313.77
1557424800,1557428399,248.13,248.24,245.33,247.16,389.55
1557428400,1557431999,247.01,247.89,245.73,247.86,292.62
1557432000,1557435599,247.01,252.5,247.01,252.47,263.01
1557435600,1557439199,252.39,255.79,251.08,252.12,275.18
1557439200,1557442799,253.42,254,250.8,254,223.54
1557442800,1557446399,254.63,254.9,251.4,251.4,31.1
1557446400,1557449999,251.32,251.5,248,248,190.1
1557450000,1557453599,247.01,248.93,246.24,248.93,65.41
1557453600,1557457199,249.23,250.77,248.6,248.6,101.54
1557457200,1557460799,249.25,251.09,249.25,250.36,76.71
1557460800,1557464399,249.95,263,249.21,263,808.41
1557464400,1557467999,262.23,262.36,256.54,258.57,214.2
1557468000,1557471599,259.04,259.81,257.03,258.23,278.57
1557471600,1557475199,258.77,259.93,257.61,259.54,237.6
1557475200,1557478799,259.79,260.5,253,253.01,234.87
1557478800,1557482399,253.99,255.65,252.18,255.65,243.47
1557482400,1557485999,255.01,255.65,253.92,254.67,53.69
1557486000,1557489599,254.8,255.11,253.29,254.32,226.88
1557489600,1557493199,254.36,254.4,251.95,253.42,149.83
1557493200,1557496799,253.14,255.9,253.11,253.69,61.55
1557496800,1557500399,253.3,253.81,251.42,251.95,90.51
1557500400,1557503999,252.22,254.79,251.92,253.78,150.78
1557504000,1557507599,254.28,255.36,253.36,254.55,179.18
1557507600,1557511199,254.18,258,253.26,257.38,189.23
1557511200,1557514799,257.6,258.39,253.9,256.59,326.04
1557514800,1557518399,256.5,256.88,254.85,256.12,26.89
1557518400,1557521999,256.11,259.39,251.62,255,248.27
1557522000,1557525599,254.99,255,253.24,254.15,101.83
1557525600,1557529199,253.29,255.97,253.29,255.03,9.85
1557529200,1557532799,255.53,256.1,253.79,255.02,97.26
1557532800,1557536399,255.49,255.49,255.05,255.08,8.23
1557536400,1557539999,255.44,257,255.27,257,35.79
1557540000,1557543599,256.12,259.7,255.3,258.77,200.46
1557543600,1557547199,258.86,259.66,256.98,257.54,32.11
1557547200,1557550799,257.27,258.52,254.92,257.39,139.21
1557550800,1557554399,257.91,269.6,257.32,263.45,970.58
1557554400,1557557999,263.48,270,259.1,261.43,856.97
1557558000,1557561599,262.06,264.3,261,262.85,304.41
1557561600,1557565199,262.85,279.94,262,277.04,1363.02
1557565200,1557568799,276.19,280.91,274.94,277.8,990.57
1557568800,1557572399,277.6,291.69,277.24,288.76,1387.19
1557572400,1557575999,289.91,289.92,281.33,281.96,492.46
1557576000,1557579599,282,284.33,280.6,284.3,316.01
1557579600,1557583199,284.31,286.57,283,285.07,325.05
1557583200,1557586799,284.94,285.73,281.89,283.75,241.01
1557586800,1557590399,283.9,288,282.88,288,561.6
1557590400,1557593999,288,289.72,284.25,284.73,511.39
1557594000,1557597599,285,300.23,283.21,300.16,1007.11
1557597600,1557601199,300.03,301.43,295.31,300.52,1065.5
1557601200,1557604799,300.59,300.59,290.52,293,719.04
1557604800,1557608399,292.54,298.42,292.35,298.41,274.25
1557608400,1557611999,297.83,307,296.21,307,297.26
1557612000,1557615599,306.8,312.99,300.33,308.42,1057.76
1557615600,1557619199,309.96,337.5,290.94,305.41,2272.06
1557619200,1557622799,305.31,319.52,290.09,297.98,1395.96
1557622800,1557626399,297.96,317.2,297.96,313.68,779.75
1557626400,1557629999,315.51,319.88,308.01,310.68,552.7
1557630000,1557633599,308,314.15,306.08,312.47,178.87
1557633600,1557637199,313.55,327.51,313.49,324.54,382.52
1557637200,1557640799,324.2,336,323.51,333.51,633.67
1557640800,1557644399,332,333.82,325.23,331.32,617.44
1557644400,1557647999,331,338.9,329.32,334.1,783.46
1557648000,1557651599,334.8,337.99,312.35,327.27,1755.92
1557651600,1557655199,327.27,333.36,322.51,324.82,835.28
1557655200,1557658799,325.65,326.89,307.75,312.06,1129.52
1557658800,1557662399,311.5,320.22,302.38,314.8,1957.86
1557662400,1557665999,314.69,317.1,307.19,317.1,681.6
1557666000,1557669599,316,324.85,313.3,314.96,864.09
1557669600,1557673199,314,319.36,305,307.02,670.8
1557673200,1557676799,308.54,311.67,290.97,295.4,1967.33
1557676800,1557680399,295.4,305,294,294,830.76
1557680400,1557683999,294,302.47,294,301.6,291.44
1557684000,1557687599,300.57,318.6,300.57,315.59,779.17
1557687600,1557691199,315.6,317.95,309.12,312.6,446.21
1557691200,1557694799,312.45,322.97,311.11,320.6,734.12
1557694800,1557698399,320.98,324.85,319.01,323,781.57
1557698400,1557701999,323,323,309.15,314.16,602.83
1557702000,1557705599,312.06,316,307.69,316,219.59
1557705600,1557709199,315.98,322,310.91,321.25,240.56
1557709200,1557712799,321.25,322.99,314.38,316.5,175.47
1557712800,1557716399,317.28,319.15,315.12,317.23,28.43
1557716400,1557719999,317.37,320.52,316.11,316.11,84.28
1557720000,1557723599,316.75,321.24,314.38,321.24,97.22
1557723600,1557727199,322.5,323.29,318.52,319.82,292.61
1557727200,1557730799,318.6,320.89,317.52,318.89,108.78
1557730800,1557734399,319.22,319.22,311.93,313.26,291.82
1557734400,1557737999,313.25,316.14,310,314,207.57
1557738000,1557741599,313.18,318.91,313.18,317.07,163.23
1557741600,1557745199,317.69,318.89,315.15,318.42,95.12
1557745200,1557748799,318.5,326.59,316.19,322.97,548.86
1557748800,1557752399,323,330.5,322.17,325.9,693.06
1557752400,1557755999,327.34,329.95,324.35,326,325
1557756000,1557759599,326,330,323.77,329.88,575.97
1557759600,1557763199,327.58,355.3,327.48,348.3,3668.94
1557763200,1557766799,348.3,362.2,345.02,351.06,2834.14
1557766800,1557770399,350.97,354.69,338.01,342.07,1437.39
1557770400,1557773999,343.38,351.95,340,348.3,653.66
1557774000,1557777599,348.33,353.59,347.77,352.14,488.84
1557777600,1557781199,351.92,351.92,346.68,347.8,423.81
1557781200,1557784799,348,359.98,346.2,358.24,1033.16
1557784800,1557788399,358.24,359.98,343.02,343.67,1177.19
1557788400,1557791999,344.97,347.39,329.04,343.64,888.13
1557792000,1557795599,342.6,349.74,340.5,346,279.64
1557795600,1557799199,345.86,353.87,345.52,348.23,191.28
1557799200,1557802799,347.51,354,343.35,348.45,376.46
1557802800,1557806399,350.69,351.33,346.08,346.08,63.86
1557806400,1557809999,348.26,354.87,346.5,352.19,232.56
1557810000,1557813599,351.71,365,350.19,353.22,1038.26
1557813600,1557817199,354,360.52,352.21,358.44,284.5
1557817200,1557820799,358.78,364,355.02,364,1156.91
1557820800,1557824399,364,364,345,346.6,1102.94
1557824400,1557827999,348.91,356.78,348.91,351.03,907.75
1557828000,1557831599,350,351.87,346,350.98,601.88
1557831600,1557835199,351.28,352.87,348.42,349.31,153.11
1557835200,1557838799,349.81,356.28,349.81,353.56,273.85
1557838800,1557842399,353.72,354.44,349.41,350.92,286.03
1557842400,1557845999,351.1,354.28,345.01,348.5,461.24
1557846000,1557849599,348.5,350.38,337.73,338.01,1061.45
1557849600,1557853199,338.01,345,323,343.07,1637.12
1557853200,1557856799,343.03,343.5,337.79,341.17,268.5
1557856800,1557860399,342.94,342.94,331.27,331.27,320.52
1557860400,1557863999,331.27,336.43,324.73,332.6,1066.63
1557864000,1557867599,332.54,337.01,327.4,331.84,286.06
1557867600,1557871199,332.1,337.58,328.39,334.51,293.89
1557871200,1557874799,334.31,344.17,334.26,341,320.42
1557874800,1557878399,341,349.59,341,347.34,108.86
1557878400,1557881999,347.34,352,344.45,347.31,300.22
1557882000,1557885599,347.46,348.9,344.13,345.02,31.73
1557885600,1557889199,346.37,347.02,340,347.02,89.41
1557889200,1557892799,348,349.76,346,349.76,206
1557892800,1557896399,348.2,349.82,341.07,343.9,323.79
1557896400,1557899999,344.68,349.6,343.9,345.5,214.81
1557900000,1557903599,347.19,349.18,344.09,345.33,262.75
1557903600,1557907199,345.89,346.41,335,337.59,459.16
1557907200,1557910799,337.69,341.9,335,337.25,202.46
1557910800,1557914399,337,349.52,336.6,348.82,323.55
1557914400,1557917999,349.3,352.07,344.92,345,404.88
1557918000,1557921599,345.51,346.62,341,341.5,192.92
1557921600,1557925199,342.12,346.97,337.5,345.01,530.25
1557925200,1557928799,345,346.78,339.02,341.48,332.7
1557928800,1557932399,341.38,342.53,331.56,335,517.05
1557932400,1557935999,335.56,345.81,335.25,344.09,257.63
1557936000,1557939599,344,356.99,340,355,1206.62
1557939600,1557943199,355.32,361.23,352.02,357.47,1513.14
1557943200,1557946799,356.57,359,352.81,355.46,512.17
1557946800,1557950399,356.97,357.69,351.61,356.19,271.29
1557950400,1557953999,356.4,356.94,350.7,351.09,264.21
1557954000,1557957599,351.27,357.5,350.03,354.98,348.06
1557957600,1557961199,353.4,362.2,353.4,362.2,353.23
1557961200,1557964799,362.7,367.91,358.65,360.72,372.82
1557964800,1557968399,360.97,375.38,357.25,375.38,433.98
1557968400,1557971999,374.83,402,370.05,395.14,1650.78
1557972000,1557975599,395.13,399.01,387.25,394.21,488.76
1557975600,1557979199,392.66,394.76,384.63,387.5,349.89
1557979200,1557982799,388.03,388.97,363,368.41,959.28
1557982800,1557986399,368.57,375.67,366.83,369.11,791.74
1557986400,1557989999,368.87,382.56,366.05,380.13,584.74
1557990000,1557993599,380.68,380.89,370.08,373.92,513.58
1557993600,1557997199,373.06,376,369.73,369.73,431.56
1557997200,1558000799,369.98,375,360.63,362.4,639.01
1558000800,1558004399,363.91,365.98,340.75,351.85,1501.68
1558004400,1558007999,351.84,362.19,351.44,355.02,221.04
1558008000,1558011599,355.01,360.78,344,347.05,359.45
1558011600,1558015199,349.11,356.99,348.43,353.98,272.9
1558015200,1558018799,353.98,372,353.98,372,753.07
1558018800,1558022399,370.49,377.5,364.85,376.53,626.44
1558022400,1558025999,375.14,383.13,364.57,364.61,831.48
1558026000,1558029599,364.54,368.01,356.2,360.94,429.93
1558029600,1558033199,360.5,367.12,356.67,359.15,387.21
1558033200,1558036799,359.32,360.71,351.35,355.39,624.61
1558036800,1558040399,357.88,360.99,345.34,345.34,903.5
1558040400,1558043999,347.02,364.15,347.02,360.01,701.7
1558044000,1558047599,360.44,365.5,355.0,355.0,238.08890045
1558047600,1558051199,354.5,358.34,350.71,357.37,201.78866084
1558051200,1558054799,357.37,368.97,357.0,362.68,316.24000177
1558054800,1558058399,361.21,361.33,347.1,350.86,349.17922748
1558058400,1558061999,352.73,354.7,327.66,330.34,867.73564901
1558062000,1558065599,329.14,335.57,306.0,331.63,1386.66966584
1558065600,1558069199,332.0,338.01,323.25,327.37,580.94006833
1558069200,1558072799,326.53,331.99,314.61,317.79,928.90834017
1558072800,1558076399,318.0,325.31,310.27,321.07,1557.79346642
1558076400,1558079999,321.03,332.21,321.03,329.77,532.14772732
1558080000,1558083599,328.1,331.3,325.35,329.54,243.63264574
1558083600,1558087199,329.57,331.0,326.01,329.03,264.91355156
1558087200,1558090799,328.94,328.94,319.15,322.86,369.52272983
1558090800,1558094399,322.44,325.02,306.73,314.23,1007.65624849
1558094400,1558097999,313.44,318.11,302.02,317.24,1541.24376907
1558098000,1558101599,316.66,323.15,312.59,321.88,705.27653118
1558101600,1558105199,322.01,324.95,315.08,316.21,491.93436373
1558105200,1558108799,315.41,317.59,310.0,310.1,370.27571086
1558108800,1558112399,310.33,320.0,303.07,312.27,566.03730628
1558112400,1558115999,312.25,314.38,308.62,312.6,154.04056815
1558116000,1558119599,312.8,317.99,310.38,315.41,165.59853924
1558119600,1558123199,315.18,317.74,314.53,316.4,96.97522424
1558123200,1558126799,316.4,322.62,316.07,322.24,397.46048123
1558126800,1558130399,320.01,330.84,320.01,329.33,283.50001427
1558130400,1558133999,330.77,331.3,322.76,322.76,193.90759476
1558134000,1558137599,323.39,330.0,322.75,330.0,136.63651711
1558137600,1558141199,330.0,335.99,324.51,326.34,211.49394748
1558141200,1558144799,326.81,329.34,322.92,322.92,28.39389687
1558144800,1558148399,324.54,329.95,324.54,329.24,10.74542491
1558148400,1558151999,329.32,332.3,328.81,332.22,57.88781745
1558152000,1558155599,331.88,332.53,326.69,331.46,59.45595287
1558155600,1558159199,331.48,334.92,330.23,332.92,201.15649442
1558159200,1558162799,333.28,334.31,329.0,330.0,145.8333984
1558162800,1558166399,330.08,331.38,322.02,323.01,181.94948666
1558166400,1558169999,323.45,327.23,322.48,324.58,172.70675867
1558170000,1558173599,324.21,325.6,315.07,319.98,199.75764294
1558173600,1558177199,319.98,322.92,319.11,321.22,95.07137495
1558177200,1558180799,322.03,326.42,322.03,323.0,110.78202492
1558180800,1558184399,322.95,323.71,321.65,321.66,28.09492825
1558184400,1558187999,321.19,325.47,317.87,325.47,127.45417709
1558188000,1558191599,324.57,327.76,323.5,324.0,81.34493511
1558191600,1558195199,324.59,329.83,324.23,328.83,130.01111168
1558195200,1558198799,325.97,331.69,325.82,329.47,184.61698236
1558198800,1558202399,328.17,328.39,324.07,326.15,57.89822963
1558202400,1558205999,326.15,329.16,322.99,325.21,124.02537815
1558206000,1558209599,325.08,328.0,325.07,327.37,48.54307791
1558209600,1558213199,326.86,328.01,325.58,327.59,20.41470259
1558213200,1558216799,327.59,329.4,325.64,328.61,30.3670983
1558216800,1558220399,328.11,328.42,324.27,324.97,64.92099204
1558220400,1558223999,324.82,325.0,320.0,321.99,129.85480877
1558224000,1558227599,322.0,326.67,322.0,323.02,34.50786395
1558227600,1558231199,324.58,337.32,324.58,336.8,234.91538174
1558231200,1558234799,338.0,345.0,338.0,339.87,311.58108394
1558234800,1558238399,340.52,353.73,340.52,351.69,267.91487218
1558238400,1558241999,352.11,356.39,348.01,355.0,204.02245617
1558242000,1558245599,354.0,359.0,352.65,354.0,301.39688668
1558245600,1558249199,354.83,356.98,352.58,355.11,156.25065917
1558249200,1558252799,354.08,364.98,352.75,359.79,396.06713527
1558252800,1558256399,360.76,362.11,357.16,360.59,345.32347769
1558256400,1558259999,361.3,375.0,358.5,375.0,643.2585817
1558260000,1558263599,376.0,378.3,369.73,372.25,864.94397795
1558263600,1558267199,372.16,375.0,363.84,366.71,784.14163163
1558267200,1558270799,367.3,369.98,358.24,368.58,756.67858094
1558270800,1558274399,368.31,370.09,363.85,365.0,386.57987234
1558274400,1558277999,364.43,369.32,364.43,368.8,319.08035886
1558278000,1558281599,368.8,372.72,366.0,371.55,227.3702498
1558281600,1558285199,370.9,380.0,367.48,373.12,779.41464084
1558285200,1558288799,373.0,381.99,373.0,378.88,630.25620753
1558288800,1558292399,378.55,378.55,373.0,376.74,300.21271093
1558292400,1558295999,376.77,379.0,372.77,375.63,312.21085156
1558296000,1558299599,375.0,379.87,373.12,379.87,346.82785848
1558299600,1558303199,379.89,384.89,378.23,381.7,495.83970585
1558303200,1558306799,381.02,386.0,375.59,384.07,486.51088068
1558306800,1558310399,384.19,387.16,371.5,374.46,736.66808927
1558310400,1558313999,373.8,373.8,356.67,361.6,992.48269373
1558314000,1558317599,359.85,368.64,359.85,366.36,149.67272533
1558317600,1558321199,365.36,365.36,359.85,363.08,94.97319434
1558321200,1558324799,364.31,375.8,364.31,374.4,111.05932912
1558324800,1558328399,374.7,378.76,371.4,371.4,191.4730346
1558328400,1558331999,370.28,371.66,364.69,370.6,213.62113388
1558332000,1558335599,370.21,370.21,360.52,362.99,238.31059056
1558335600,1558339199,362.98,368.42,360.33,363.93,347.04702019
1558339200,1558342799,364.0,366.2,354.98,364.22,691.1665964
1558342800,1558346399,364.17,366.99,360.09,365.57,140.50655746
1558346400,1558349999,365.57,368.5,363.71,365.77,100.96398972
1558350000,1558353599,367.21,368.27,361.2,363.42,167.99082563
1558353600,1558357199,363.52,365.93,350.0,353.23,700.70901773
1558357200,1558360799,353.61,356.62,342.0,354.54,940.08668241
1558360800,1558364399,354.5,360.57,351.57,360.57,270.36678969
1558364400,1558367999,361.95,364.87,357.25,364.87,299.7491966
1558368000,1558371599,364.18,367.9,360.59,362.5,289.06894827
1558371600,1558375199,361.55,364.73,357.4,358.0,237.14378832
1558375200,1558378799,358.0,362.0,355.01,357.77,181.44061428
1558378800,1558382399,357.9,364.56,357.9,362.0,298.7975442
1558382400,1558385999,362.0,374.0,362.0,374.0,468.73898547
1558386000,1558389599,374.06,375.88,367.54,370.23,426.91455896
1558389600,1558393199,370.01,372.89,366.2,368.83,142.15930932
1558393200,1558396799,367.97,374.0,367.46,374.0,170.3430065
1558396800,1558400399,373.63,377.99,368.76,369.97,174.79181743
1558400400,1558403999,370.35,376.27,370.35,371.85,41.7705697
1558404000,1558407599,371.11,371.11,366.2,370.29,83.99408409
1558407600,1558411199,370.66,371.99,368.19,368.27,158.6583487
1558411200,1558414799,368.2,368.84,361.01,363.0,106.89611559
1558414800,1558418399,362.25,366.37,359.21,366.31,67.12125781
1558418400,1558421999,366.19,369.4,363.67,369.4,203.53722401
1558422000,1558425599,369.13,370.99,366.76,368.2,191.76465008
1558425600,1558429199,366.82,372.0,366.5,369.93,234.50035119
1558429200,1558432799,369.75,375.94,369.12,372.5,462.89924957
1558432800,1558436399,372.33,373.28,366.33,367.54,276.69563014
1558436400,1558439999,368.25,371.55,364.0,367.44,157.21906401
1558440000,1558443599,367.32,374.9,364.73,372.35,376.08488242
1558443600,1558447199,372.35,400.4,371.29,378.5,3143.36917951
1558447200,1558450799,377.0,377.0,368.52,374.99,636.60165075
1558450800,1558454399,373.59,376.0,371.33,372.45,185.7658503
1558454400,1558457999,373.5,375.2,371.38,373.98,54.91434764
1558458000,1558461599,373.99,379.73,373.99,379.29,133.65497554
1558461600,1558465199,379.29,386.0,376.69,380.01,683.24633784
1558465200,1558468799,380.0,383.46,378.02,381.52,276.04351337
1558468800,1558472399,380.63,384.44,380.23,382.85,410.84476443
1558472400,1558475999,383.09,384.4,376.56,377.8,594.35689666
1558476000,1558479599,377.21,378.07,372.95,377.34,229.16332766
1558479600,1558483199,377.02,377.48,373.05,373.67,58.3155288
1558483200,1558486799,374.01,377.99,373.42,377.99,30.43091334
1558486800,1558490399,378.87,380.67,375.01,375.12,25.12341574
1558490400,1558493999,375.65,376.58,373.91,373.91,6.57586708
1558494000,1558497599,373.99,374.74,371.41,371.86,98.52749278
1558497600,1558501199,371.7,374.22,366.9,373.8,223.05047213
1558501200,1558504799,373.8,375.29,372.82,374.55,96.09367343
1558504800,1558508399,374.55,375.01,372.62,373.87,69.75844479
1558508400,1558511999,373.8,375.21,368.07,371.63,215.74999234
1558512000,1558515599,371.59,373.82,368.84,369.2,102.15634351
1558515600,1558519199,369.99,371.43,365.38,365.4,201.43850707
1558519200,1558522799,365.83,369.35,362.0,366.0,408.44004561
1558522800,1558526399,366.0,367.09,358.0,362.96,842.22491717
1558526400,1558529999,362.9,366.71,360.96,361.1,157.73105078
1558530000,1558533599,361.1,365.84,360.87,365.56,259.05034816
1558533600,1558537199,363.99,369.3,363.88,367.05,77.36598247
1558537200,1558540799,365.01,376.64,363.95,372.26,667.85557181
1558540800,1558544399,372.34,372.34,366.01,368.12,204.70656305
1558544400,1558547999,368.92,369.62,363.6,365.57,114.85457017
1558548000,1558551599,365.13,367.14,362.0,366.0,168.66313486
1558551600,1558555199,365.18,367.19,364.03,366.58,171.60560139
1558555200,1558558799,366.0,368.1,354.17,364.4,606.52281586
1558558800,1558562399,364.07,364.07,343.58,349.37,1042.46057977
1558562400,1558565999,349.04,358.54,342.15,357.45,545.52462849
1558566000,1558569599,357.56,357.57,348.0,348.0,170.69455418
1558569600,1558573199,348.94,353.46,347.0,352.46,199.01312047
1558573200,1558576799,353.0,355.0,347.76,350.96,223.94476312
1558576800,1558580399,350.55,354.34,350.0,352.36,293.0772777
1558580400,1558583999,351.33,352.44,348.68,349.77,67.18737254
1558584000,1558587599,350.91,352.98,348.85,350.14,126.66388556
1558587600,1558591199,350.07,351.33,343.35,345.84,270.25270227
1558591200,1558594799,345.02,346.41,337.2,346.41,498.50324271
1558594800,1558598399,345.72,345.87,340.0,340.64,328.12455035
1558598400,1558601999,340.92,340.94,333.56,335.88,989.92085924
1558602000,1558605599,335.35,346.44,331.3,342.73,1079.79645501
1558605600,1558609199,342.73,351.56,341.65,349.18,676.79010171
1558609200,1558612799,348.01,350.79,343.88,343.88,225.59731383
1558612800,1558616399,344.07,347,341.69,346.99,292.04832082
1558616400,1558619999,347.0,354,346.43,352.93,285.90348741
1558620000,1558623599,351.8,357.1,351.03,354.69,180.7280324
1558623600,1558627199,355.0,358.98,353.51,354.16,316.2952465
1558627200,1558630799,355.02,358.78,354.73,354.94,90.16929279
1558630800,1558634399,354.9,356.0,348.04,352.5,558.64988811
1558634400,1558637999,352.5,353.94,348.88,351.34,192.84886712
1558638000,1558641599,352.07,352.08,350.26,352.0,127.04958851
1558641600,1558645199,351.43,361.0,351.43,359.52,378.54576922
1558645200,1558648799,359.96,369.68,357.34,364.41,1122.75820461
1558648800,1558652399,364.41,365.83,359.19,360.17,379.44146465
1558652400,1558655999,360.75,364.92,358.64,363.88,71.23858703
1558656000,1558659599,362.5,366.35,360.42,366.35,137.0415575
1558659600,1558663199,366.29,366.83,364.24,364.24,11.47007154
1558663200,1558666799,361.84,362.9,359.76,360.5,21.32124661
1558666800,1558670399,360.5,362.99,359.88,362.99,4.78419018
1558670400,1558673999,361.61,361.61,358.92,358.92,69.24934482
1558674000,1558677599,359.59,359.6,353.25,356.0,289.95912109
1558677600,1558681199,356.55,363.67,354.43,363.67,184.13764062
1558681200,1558684799,364.0,367.89,361.83,365.24,232.69923188
1558684800,1558688399,365.99,373.58,365.44,366.41,597.7956529
1558688400,1558691999,367.05,370.0,366.32,367.52,272.74635804
1558692000,1558695599,367.58,373.1,367.58,371.33,261.58375825
1558695600,1558699199,371.99,378.0,371.05,372.37,828.88841372
1558699200,1558702799,372.37,373.68,368.56,373.5,394.8922661
1558702800,1558706399,373.5,373.88,367.3,370.71,231.42724653
1558706400,1558709999,370.08,375.0,367.94,374.27,115.39958389
1558710000,1558713599,374.64,376.83,371.83,373.9,354.75647279
1558713600,1558717199,373.5,376.85,369.02,370.51,645.9338095
1558717200,1558720799,369.37,371.99,367.01,368.68,252.36020679
1558720800,1558724399,368.68,370.68,367.01,367.29,140.78940677
1558724400,1558727999,367.1,369.17,360.9,367.64,420.99817694
1558728000,1558731599,368.21,371.31,366.39,370.99,92.04032467
1558731600,1558735199,371.0,371.63,367.01,367.45,122.22839201
1558735200,1558738799,367.39,368.8,365.39,365.39,48.29903141
1558738800,1558742399,365.0,365.0,360.11,364.24,153.9914754
1558742400,1558745999,364.25,365.0,363.26,364.25,36.72661402
1558746000,1558749599,363.64,368.72,362.92,366.5,37.69711806
1558749600,1558753199,366.5,367.0,365.0,367.0,18.23072214
1558753200,1558756799,368.8,369.08,365.01,365.04,40.14354474
1558756800,1558760399,366.3,367.18,365.01,365.27,16.77886891
1558760400,1558763999,365.21,365.22,363.57,363.57,24.87829334
1558764000,1558767599,363.57,364.92,361.5,362.3,96.37101636
1558767600,1558771199,362.17,364.27,360.76,363.61,61.32535614
1558771200,1558774799,363.83,366.74,362.97,366.45,57.62392212
1558774800,1558778399,366.78,369.07,365.47,368.78,98.72375159
1558778400,1558781999,368.8,370.59,366.1,367.33,152.95061171
1558782000,1558785599,366.8,369.49,366.28,366.63,106.20019318
1558785600,1558789199,366.1,366.95,365.0,366.22,27.94003734
1558789200,1558792799,366.8,366.8,361.85,365.01,124.03970021
1558792800,1558796399,365.0,365.99,362.72,365.99,23.64279318
1558796400,1558799999,365.52,366.96,362.68,363.91,78.92991094
1558800000,1558803599,363.92,364.56,360.02,362.44,206.54794428
1558803600,1558807199,361.79,363.47,359.77,363.18,60.88188285
1558807200,1558810799,362.73,364.22,360.43,360.84,51.16186314
1558810800,1558814399,360.59,360.87,357.02,357.52,221.11447477
1558814400,1558817999,357.95,361.39,357.86,359.4,145.1893082
1558818000,1558821599,359.32,363.48,359.32,361.38,253.04581997
1558821600,1558825199,361.39,363.55,361.2,363.53,34.76243139
1558825200,1558828799,363.54,364.63,361.6,362.18,98.68435699
1558828800,1558832399,362.19,363.66,361.52,362.27,19.20420191
1558832400,1558835999,362.04,362.04,359.61,359.89,20.67585908
1558836000,1558839599,361.37,362.9,359.58,360.29,166.74592202
1558839600,1558843199,361.18,361.18,357.0,357.0,63.61737843
1558843200,1558846799,357.14,359.08,357.0,359.05,17.40908997
1558846800,1558850399,357.8,358.45,352.48,354.3,310.36208708
1558850400,1558853999,354.5,355.96,352.44,354.83,83.85359709
1558854000,1558857599,354.73,358.41,352.45,357.95,158.60198604
1558857600,1558861199,357.94,358.97,355.02,358.19,38.74232899
1558861200,1558864799,358.68,360.56,358.0,358.0,22.37550042
1558864800,1558868399,358.31,358.41,354.69,356.73,113.48456117
1558868400,1558871999,356.73,356.73,350.33,353.11,272.14985675
1558872000,1558875599,353.38,355.32,351.69,354.48,66.66789271
1558875600,1558879199,354.48,362.69,352.07,362.29,76.8789607
1558879200,1558882799,362.72,363.0,360.25,362.28,82.21454009
1558882800,1558886399,360.46,362.75,358.61,361.99,74.43162424
1558886400,1558889999,362.07,362.07,358.56,359.96,53.2034861
1558890000,1558893599,359.96,361.19,359.1,359.91,29.84355003
1558893600,1558897199,359.88,362.43,359.59,361.95,82.79112573
1558897200,1558900799,361.57,378.0,361.57,377.94,2178.71377643
1558900800,1558904399,377.37,383.49,377.0,378.93,1488.49585006
1558904400,1558907999,378.93,391.0,375.78,382.6,1428.32603315
1558908000,1558911599,383.14,389.5,380.5,380.57,561.52530743
1558911600,1558915199,381.83,388.0,380.97,385.99,366.17293053
1558915200,1558918799,386.0,391.0,386,389.08,160.63146414
1558918800,1558922399,388.4,389.88,384,385.0,204.70763461
1558922400,1558925999,384.5,384.99,380.01,384.44,176.60725626
1558926000,1558929599,384.72,397.52,384.72,393.61,853.70458336
1558929600,1558933199,393.57,394.54,382.01,387.54,436.27461552
1558933200,1558936799,385.64,391.31,384.73,389.14,170.66977682
1558936800,1558940399,388.78,391.74,385.08,388.91,521.6590798
1558940400,1558943999,388.9,391.96,387.02,387.23,184.57041944
1558944000,1558947599,387.12,387.82,384.27,385.76,288.77928151
1558947600,1558951199,386.41,389.0,385.16,387.48,211.35178132
1558951200,1558954799,388.13,388.13,386.1,387.7,97.06075991
1558954800,1558958399,387.69,388.25,385.33,386.54,102.14724747
1558958400,1558961999,387.69,392.99,387.0,391.93,315.82617124
1558962000,1558965599,391.98,393.0,388.93,390.11,154.02455436
1558965600,1558969199,390.1,391.85,388.15,390.66,314.59293359
1558969200,1558972799,390.69,397.47,390.66,394.53,358.70297292
1558972800,1558976399,394.5,409.26,373.78,382.14,3068.2066811
1558976400,1558979999,382.33,387.51,380.0,382.55,481.1741762
1558980000,1558983599,381.06,389.99,380.71,389.23,808.13860275
1558983600,1558987199,388.63,389.92,385.63,389.35,151.61941949
1558987200,1558990799,389.3,389.6,385,386.66,272.79347746
1558990800,1558994399,386.84,389.48,385,389.48,135.4007579
1558994400,1558997999,388.95,389.5,385.65,389.37,140.3418993
1558998000,1559001599,389.38,399.45,389.38,393.9,490.21029846
1559001600,1559005199,394,396.79,389.09,390.0,141.85204827
1559005200,1559008799,390,394.15,389.26,392.1,42.37806854
1559008800,1559012399,392.03,396.35,391.26,391.26,49.20695738
1559012400,1559015999,392.24,392.45,390.2,390.86,11.86652095
1559016000,1559019599,393.59,393.67,391.38,391.83,49.5352229
1559019600,1559023199,391.78,392.56,386.7,387.64,187.41149379
1559023200,1559026799,387.57,387.57,383.26,386.72,276.33882231
1559026800,1559030399,387.43,389.24,385.0,387.99,109.96884587
1559030400,1559033999,387.99,389.03,385.11,387.28,150.35519277
1559034000,1559037599,387.81,390.5,386.5,388.3,130.71383118
1559037600,1559041199,386.27,387.82,384.0,385.63,221.06167394
1559041200,1559044799,385.63,390.33,385.42,390.33,131.38282625
1559044800,1559048399,388.6,389.53,385.96,387.51,25.69908661
1559048400,1559051999,386.97,388.39,381.02,383.57,357.11426387
1559052000,1559055599,383.62,386.5,383.21,386.5,88.68235346
1559055600,1559059199,386.19,388.48,385.08,387.32,66.31854997
1559059200,1559062799,388.02,388.1,385.3,385.99,78.59567606
1559062800,1559066399,386.73,392.93,385.52,392.11,449.21288938
1559066400,1559069999,391.89,392.68,390.0,391.81,138.306801
1559070000,1559073599,392.18,394.3,388.77,390.89,194.58635223
1559073600,1559077199,390.99,392.99,389.18,391.44,192.94474505
1559077200,1559080799,391.06,392.7,390.56,391.94,53.97395215
1559080800,1559084399,391.89,393.0,389.87,391.31,96.93780936
1559084400,1559087999,390.96,390.96,387.49,389.7,105.60326625
1559088000,1559091599,388.94,388.94,385.37,388.32,47.5547483
1559091600,1559095199,388.21,388.35,386.51,386.67,11.12257822
1559095200,1559098799,386.5,388.09,385.47,385.61,76.15539399
1559098800,1559102399,385.61,386.46,385.5,385.5,8.01467267
1559102400,1559105999,385.2,385.2,381.78,382.56,250.99236519
1559106000,1559109599,384.18,384.65,376.06,379.18,290.08441838
1559109600,1559113199,378.5,383.46,378.2,382.39,232.99536015
1559113200,1559116799,382.89,385.0,382.2,383.82,78.75119665
1559116800,1559120399,383.6,396.74,382.2,393.95,722.16525234
1559120400,1559123999,393.81,394.81,391.69,394.81,151.08009917
1559124000,1559127599,394.91,404,394.26,400.0,724.71578701
1559127600,1559131199,399.8,400,394.57,396.37,359.19635836
1559131200,1559134799,395.77,401.32,395.77,400.8,143.16928475
1559134800,1559138399,400.79,418.58,398.13,411.61,1688.2317558
1559138400,1559141999,411.59,414.86,405.19,406.14,915.97026243
1559142000,1559145599,406.14,417.98,406.14,417.98,865.02223504
1559145600,1559149199,416.33,416.33,408.9,414.01,269.33941376
1559149200,1559152799,413.3,413.87,409.7,410.26,181.79799384
1559152800,1559156399,410.01,411.4,409.33,410,241.79609112
1559156400,1559159999,410.01,413.29,410.0,411,101.80351067
1559160000,1559163599,411.0,413.67,407.8,409.32,321.30092669
1559163600,1559167199,408.35,409.41,406.98,409.09,99.40544687
1559167200,1559170799,409.04,412.75,408.32,411.49,42.82558333
1559170800,1559174399,410.72,411.98,405.17,410.0,97.27013432
1559174400,1559177999,411.5,429.72,406.09,426.13,1047.74246207
1559178000,1559181599,426.19,433.08,413.7,420.93,460.87820527
1559181600,1559185199,419.52,421.79,416.71,420.0,97.13367959
1559185200,1559188799,420.04,424.3,419.42,422.87,401.12866121
1559188800,1559192399,423.15,423.29,419.78,421.04,85.67779738
1559192400,1559195999,421.57,425.5,418.74,419.34,269.5108709
1559196000,1559199599,419.61,424.11,419.35,423.23,218.28266941
1559199600,1559203199,423.18,431.2,422.31,424.4,603.27334376
1559203200,1559206799,424.4,425.48,415.85,421.76,577.3164515
1559206800,1559210399,421.01,422.65,418.39,421.75,199.71759063
1559210400,1559213999,422.51,424.99,420.71,422.88,332.16276614
1559214000,1559217599,422.7,422.7,419.33,419.59,209.30565575
1559217600,1559221199,419.54,420.95,418.0,419.6,169.10711583
1559221200,1559224799,419.14,428.0,418.75,421.96,367.59319947
1559224800,1559228399,421.96,424.4,420.35,423.27,122.03814791
1559228400,1559231999,424.05,429.0,422.5,425.17,381.98029161
1559232000,1559235599,427.34,430.0,406.3,410.23,1716.45862538
1559235600,1559239199,408.87,408.98,392.66,404.5,1337.28463484
1559239200,1559242799,404.16,407.38,403.38,405.38,192.85575165
1559242800,1559246399,405.98,407.69,403.37,403.58,239.90950851
1559246400,1559249999,403.59,403.59,392.62,396.49,803.87636867
1559250000,1559253599,396.4,398.97,361.63,373.64,3095.53501713
1559253600,1559257199,376.09,389.74,372.09,380.66,907.97740425
1559257200,1559260799,380.0,384.19,375.08,380.82,261.28227605
1559260800,1559264399,379.43,386.55,379.43,385.55,94.00392373
1559264400,1559267999,385.33,389.46,383.15,383.15,90.46327711
1559268000,1559271599,382.62,385.86,378.08,378.08,66.2585348
1559271600,1559275199,379.98,384.3,377.68,381.65,201.45152088
1559275200,1559278799,381.5,383.5,375.0,375.0,148.31143112
1559278800,1559282399,374.13,379.99,372.11,379.7,275.69156483
1559282400,1559285999,379.7,383.46,379.45,383.0,343.54652186
1559286000,1559289599,383.01,384.93,379.65,383.05,353.68389866
1559289600,1559293199,381.71,383.8,379.65,380.39,215.00734574
1559293200,1559296799,380.39,381.83,379.07,380.42,159.82775534
1559296800,1559300399,379.97,384.0,379.37,382.32,124.49904095
1559300400,1559303999,381.73,382.78,379.13,380.05,301.37755955
1559304000,1559307599,380.04,383.5,379.21,382.81,164.38738873
1559307600,1559311199,382.95,392.0,382.95,391.61,614.48722954
1559311200,1559314799,391.2,395.47,387.78,392.19,276.64427697
1559314800,1559318399,392.95,393.36,384.24,388.65,267.33790575
1559318400,1559321999,388.01,391.0,380.98,386.93,368.00689145
1559322000,1559325599,384.32,388.88,383.81,386.19,154.29688902
1559325600,1559329199,385.03,391.99,385.03,387.86,202.69650314
1559329200,1559332799,388.43,390.99,386.9,387.28,103.2093648
1559332800,1559336399,387.83,390.1,385.04,390.1,94.77597593
1559336400,1559339999,390.09,395.83,390.09,394.3,257.68783709
1559340000,1559343599,394.0,394.44,390.57,393.61,97.82999213
1559343600,1559347199,393.62,399.08,393.62,397.8,143.63238257
1559347200,1559350799,398.7,402.13,395.03,402.13,193.79373881
1559350800,1559354399,402.13,402.13,400.11,400.99,21.28674804
1559354400,1559357999,399.9,399.97,398.0,399.79,14.3421767
1559358000,1559361599,399.99,400.11,397.59,397.59,76.63055538
1559361600,1559365199,397.6,398.65,396.34,398.65,70.47903279
1559365200,1559368799,397.25,397.99,390.53,392.24,128.08148161
1559368800,1559372399,391.82,397.63,391.81,394.48,69.97420739
1559372400,1559375999,394.33,396.87,393.0,395.4,31.455831
1559376000,1559379599,395.0,396.87,393.34,396.51,115.94921497
1559379600,1559383199,396.93,400.0,396.24,397.49,75.75946553
1559383200,1559386799,397.85,399.29,395.36,395.66,48.10225643
1559386800,1559390399,395.91,397.48,395.6,396.46,47.48442903
1559390400,1559393999,396.14,397.42,395.35,395.36,20.42458018
1559394000,1559397599,395.36,395.37,394.27,394.28,32.61818458
1559397600,1559401199,394.25,394.25,383.72,387.0,259.14381348
1559401200,1559404799,387.0,391.64,387.0,391.01,71.11518752
1559404800,1559408399,390.95,391.8,387.93,388.57,66.22710833
1559408400,1559411999,388.44,388.57,385.0,388.0,76.9469035
1559412000,1559415599,386.51,388.56,386.09,387.51,28.08168655
1559415600,1559419199,387.64,388.0,386.68,388.0,59.63763793
1559419200,1559422799,388.0,391.79,388.0,391.06,59.09415113
1559422800,1559426399,391.8,395.0,391.8,394.99,65.05713012
1559426400,1559429999,394.99,395.0,391.2,393.19,73.24097516
1559430000,1559433599,392.75,393.5,384.53,386.86,88.67332568
1559433600,1559437199,390.99,393.13,388.87,389.71,38.04002929
1559437200,1559440799,390.1,393.99,389.09,390.94,7.95008471
1559440800,1559444399,390.75,394.95,390.75,390.81,31.63375084
1559444400,1559447999,390.81,391.84,389.72,391.79,2.8231489
1559448000,1559451599,392.0,393.14,391.91,393.13,0.68982062
1559451600,1559455199,393.66,394.44,392.82,394.44,4.96788484
1559455200,1559458799,394.44,394.44,393.81,394.01,13.64497179
1559458800,1559462399,394.0,400.85,394.0,400.1,455.19604397
1559462400,1559465999,400.11,402.5,398.02,400.23,305.12266223
1559466000,1559469599,400.89,402.0,398.32,399.61,70.41333286
1559469600,1559473199,398.98,398.98,396.6,398.0,133.15262946
1559473200,1559476799,399.35,400.89,398.33,400.05,69.07302855
1559476800,1559480399,399.54,404.39,399.54,401.71,94.36409343
1559480400,1559483999,401.25,401.25,395.0,396.54,201.95366197
1559484000,1559487599,396.02,397.64,395.35,395.51,35.9425
1559487600,1559491199,395.76,398.36,394.0,394.98,206.244582
1559491200,1559494799,395,396.93,392.91,394.93,81.17054592
1559494800,1559498399,396,397.94,393.8,393.86,35.18000583
1559498400,1559501999,394.29,395.36,390.26,393.85,337.02303414
1559502000,1559505599,393.3,396.38,392.08,393.26,86.42122347
1559505600,1559509199,393.95,395.88,393.64,394.98,70.80202674
1559509200,1559512799,393.9,395.78,393.65,395.77,57.93553574
1559512800,1559516399,395.01,397.47,394.36,397.47,225.20660844
1559516400,1559519999,397.42,398.05,396.41,396.46,68.86435303
1559520000,1559523599,396.34,400.89,395.07,395.47,141.80705484
1559523600,1559527199,395.51,398.05,395.51,397.33,1.80955727
1559527200,1559530799,395.82,399.84,395.82,398.75,39.37859311
1559530800,1559534399,397.38,397.38,395.95,395.95,5.42094503
1559534400,1559537999,396.2,397.53,395.47,396.4,82.33495596
1559538000,1559541599,396.68,397.68,392.03,393.01,177.24208825
